{
    "type": "Feature",
    "properties": {
        "sov": "DK",
        "type": "UN",
        "name": "Denmark",
        "capital": "Copenhagen",
        "continent": "Europe",
        "label_x": 10.0746804,
        "label_y": 55.9562417,
        "version": 1.0
    },
    "geometry": {
        "type": "MultiPolygon",
        "coordinates": [
            [
                [
                    [
                        10.6622314453125,
                        57.76133353261141
                    ],
                    [
                        10.5523681640625,
                        57.75840310072884
                    ],
                    [
                        10.4150390625,
                        57.70121216638347
                    ],
                    [
                        10.162353515625,
                        57.61304946786931
                    ],
                    [
                        9.90417480468744,
                        57.614520602131556
                    ],
                    [
                        9.74212646484375,
                        57.475973481712124
                    ],
                    [
                        9.51416015625,
                        57.24636575988902
                    ],
                    [
                        9.393310546875,
                        57.17943610453849
                    ],
                    [
                        9.06372070312494,
                        57.168269358663245
                    ],
                    [
                        8.95660400390625,
                        57.16082298702525
                    ],
                    [
                        8.75061035156244,
                        57.107910613769384
                    ],
                    [
                        8.63525390625,
                        57.136239319177434
                    ],
                    [
                        8.5693359375,
                        57.12804113282182
                    ],
                    [
                        8.5185241699219,
                        57.08254550582424
                    ],
                    [
                        8.4306335449219,
                        57.028026474579136
                    ],
                    [
                        8.34548950195307,
                        56.962947135260585
                    ],
                    [
                        8.2136535644531,
                        56.81065233655547
                    ],
                    [
                        8.2033538818359,
                        56.7267384393972
                    ],
                    [
                        8.1429290771484,
                        56.64414704199467
                    ],
                    [
                        8.1099700927734,
                        56.536015004542534
                    ],
                    [
                        8.111343383789,
                        56.475007294729814
                    ],
                    [
                        8.1037902832031,
                        56.37057439366869
                    ],
                    [
                        8.111343383789,
                        56.31767915464774
                    ],
                    [
                        8.1195831298828,
                        56.205558230204865
                    ],
                    [
                        8.10035705566406,
                        56.147462052938664
                    ],
                    [
                        8.08799743652344,
                        56.0524846992511
                    ],
                    [
                        8.10585021972656,
                        55.993772880107706
                    ],
                    [
                        8.1394958496094,
                        55.881858772213135
                    ],
                    [
                        8.16078186035156,
                        55.76382685625667
                    ],
                    [
                        8.1072235107422,
                        55.633422750940376
                    ],
                    [
                        8.05641174316406,
                        55.57407483224242
                    ],
                    [
                        8.06739807128906,
                        55.555048994867036
                    ],
                    [
                        8.184814453125,
                        55.51152675634138
                    ],
                    [
                        8.2685852050781,
                        55.473405278998904
                    ],
                    [
                        8.31321716308594,
                        55.47301609415824
                    ],
                    [
                        8.316650390625,
                        55.495193497961694
                    ],
                    [
                        8.2939910888672,
                        55.51580339489816
                    ],
                    [
                        8.2884979248047,
                        55.53484823078213
                    ],
                    [
                        8.2672119140625,
                        55.55077662195054
                    ],
                    [
                        8.2713317871094,
                        55.573298447823184
                    ],
                    [
                        8.28712463378906,
                        55.55932090334487
                    ],
                    [
                        8.3214569091797,
                        55.53523680490969
                    ],
                    [
                        8.34136962890625,
                        55.51308195140151
                    ],
                    [
                        8.3935546875,
                        55.4878024169642
                    ],
                    [
                        8.4223937988281,
                        55.45861355356244
                    ],
                    [
                        8.48899841308594,
                        55.437584186177105
                    ],
                    [
                        8.5569763183594,
                        55.43836325152422
                    ],
                    [
                        8.6016082763672,
                        55.41849228122979
                    ],
                    [
                        8.6249542236328,
                        55.37403864871509
                    ],
                    [
                        8.6421203613281,
                        55.3275819535094
                    ],
                    [
                        8.6304473876953,
                        55.26659815231191
                    ],
                    [
                        8.6503601074219,
                        55.21413976860117
                    ],
                    [
                        8.64967346191406,
                        55.158866268341335
                    ],
                    [
                        8.65447998046875,
                        55.13100447754805
                    ],
                    [
                        8.63800048828125,
                        55.09644454946926
                    ],
                    [
                        8.6180877685547,
                        55.04100777066216
                    ],
                    [
                        8.6311340332031,
                        55.01306371757699
                    ],
                    [
                        8.64830017089844,
                        54.970519902635424
                    ],
                    [
                        8.63250732421875,
                        54.93108725711501
                    ],
                    [
                        8.63491058349604,
                        54.91175113567017
                    ],
                    [
                        8.6565399169922,
                        54.90958017462106
                    ],
                    [
                        8.6675262451172,
                        54.911553780413165
                    ],
                    [
                        8.6809158325195,
                        54.9101722665193
                    ],
                    [
                        8.71009826660156,
                        54.899710694082394
                    ],
                    [
                        8.7331008911133,
                        54.892998065306095
                    ],
                    [
                        8.75267028808594,
                        54.89615708880632
                    ],
                    [
                        8.77532958984375,
                        54.89516992057883
                    ],
                    [
                        8.7959289550781,
                        54.903263985789025
                    ],
                    [
                        8.82991790771484,
                        54.90523790124934
                    ],
                    [
                        8.84399414062494,
                        54.898526193832076
                    ],
                    [
                        8.85875701904297,
                        54.89714423283752
                    ],
                    [
                        8.8817596435547,
                        54.90306658892032
                    ],
                    [
                        8.9212417602539,
                        54.90286919108387
                    ],
                    [
                        8.95763397216797,
                        54.90010551975666
                    ],
                    [
                        9.0249252319336,
                        54.882334531626164
                    ],
                    [
                        9.02767181396484,
                        54.87739675458312
                    ],
                    [
                        9.0736770629883,
                        54.87048285023256
                    ],
                    [
                        9.12036895751953,
                        54.87423625974835
                    ],
                    [
                        9.17667388916016,
                        54.866333938349605
                    ],
                    [
                        9.239501953125,
                        54.85171055972851
                    ],
                    [
                        9.24224853515625,
                        54.84360613460375
                    ],
                    [
                        9.23641204833984,
                        54.83490689168663
                    ],
                    [
                        9.2494583129883,
                        54.810776455000855
                    ],
                    [
                        9.28173065185547,
                        54.80939148433864
                    ],
                    [
                        9.2934036254883,
                        54.802268028128864
                    ],
                    [
                        9.2940902709961,
                        54.80800646620029
                    ],
                    [
                        9.3115997314453,
                        54.807215005947945
                    ],
                    [
                        9.3431854248047,
                        54.80068486732233
                    ],
                    [
                        9.3442153930664,
                        54.80681927000825
                    ],
                    [
                        9.35794830322266,
                        54.81433759013541
                    ],
                    [
                        9.37442779541016,
                        54.82066772197741
                    ],
                    [
                        9.3758010864258,
                        54.83055656704258
                    ],
                    [
                        9.38198089599604,
                        54.838268185094535
                    ],
                    [
                        9.39605712890625,
                        54.839059036981496
                    ],
                    [
                        9.4104766845703,
                        54.842419984618076
                    ],
                    [
                        9.41768646240234,
                        54.83372048600448
                    ],
                    [
                        9.42455291748047,
                        54.829963304631114
                    ],
                    [
                        9.43965911865234,
                        54.83095207047366
                    ],
                    [
                        9.4588851928711,
                        54.83292952951096
                    ],
                    [
                        9.4760513305664,
                        54.84044299049487
                    ],
                    [
                        9.49459075927734,
                        54.850326992633036
                    ],
                    [
                        9.51690673828125,
                        54.854675186578525
                    ],
                    [
                        9.5206832885742,
                        54.86534603925404
                    ],
                    [
                        9.53956604003906,
                        54.86989017467588
                    ],
                    [
                        9.5677185058594,
                        54.87324855428683
                    ],
                    [
                        9.5831680297851,
                        54.88371700077861
                    ],
                    [
                        9.59484100341797,
                        54.89497248402975
                    ],
                    [
                        9.62745666503906,
                        54.88450696185534
                    ],
                    [
                        9.6288299560547,
                        54.87305101029016
                    ],
                    [
                        9.6116638183594,
                        54.862777388322606
                    ],
                    [
                        9.64393615722656,
                        54.84894337808563
                    ],
                    [
                        9.6741485595703,
                        54.8406406942655
                    ],
                    [
                        9.73594665527344,
                        54.82838122891305
                    ],
                    [
                        9.7805786132812,
                        54.8406406942655
                    ],
                    [
                        9.77577209472656,
                        54.87028529268185
                    ],
                    [
                        9.80255126953125,
                        54.86989017467588
                    ],
                    [
                        9.8382568359375,
                        54.86001096585755
                    ],
                    [
                        9.9343872070312,
                        54.838663612975104
                    ],
                    [
                        10.01472473144526,
                        54.836290987578195
                    ],
                    [
                        10.0696563720703,
                        54.84696670355896
                    ],
                    [
                        10.10810852050776,
                        54.86909992704594
                    ],
                    [
                        10.07377624511713,
                        54.926352739594655
                    ],
                    [
                        10.0099182128906,
                        55.00440104263288
                    ],
                    [
                        9.90623474121094,
                        55.02920280123825
                    ],
                    [
                        9.87327575683594,
                        55.0630344087416
                    ],
                    [
                        9.77920532226557,
                        55.091729515360875
                    ],
                    [
                        9.6995544433594,
                        55.09133657075061
                    ],
                    [
                        9.59449768066406,
                        55.06106823723817
                    ],
                    [
                        9.5738983154297,
                        55.07758107630661
                    ],
                    [
                        9.59312438964844,
                        55.09801610393363
                    ],
                    [
                        9.5814514160156,
                        55.12707871858354
                    ],
                    [
                        9.5649719238281,
                        55.155335568699925
                    ],
                    [
                        9.59861755371094,
                        55.157689403187746
                    ],
                    [
                        9.68650817871094,
                        55.169848668606726
                    ],
                    [
                        9.7105407714844,
                        55.19219635238084
                    ],
                    [
                        9.7270202636719,
                        55.22863146323281
                    ],
                    [
                        9.78607177734375,
                        55.239986129227
                    ],
                    [
                        9.81216430664057,
                        55.278724191115934
                    ],
                    [
                        9.84374999999994,
                        55.280288571600195
                    ],
                    [
                        9.8410034179687,
                        55.252903013022696
                    ],
                    [
                        9.8739624023437,
                        55.21766526118346
                    ],
                    [
                        9.94468688964844,
                        55.19689953107653
                    ],
                    [
                        9.95086669921875,
                        55.17416235545039
                    ],
                    [
                        9.93370056152344,
                        55.15062748298722
                    ],
                    [
                        9.9632263183594,
                        55.11726263235996
                    ],
                    [
                        10.0483703613281,
                        55.105087334466745
                    ],
                    [
                        10.03944396972656,
                        55.071291274425384
                    ],
                    [
                        10.09300231933594,
                        55.061461479265404
                    ],
                    [
                        10.08819580078125,
                        55.04533538802211
                    ],
                    [
                        10.1225280761718,
                        55.01739435341472
                    ],
                    [
                        10.1884460449219,
                        55.02054361297408
                    ],
                    [
                        10.18432617187494,
                        54.999675158535794
                    ],
                    [
                        10.1802062988281,
                        54.96894333955506
                    ],
                    [
                        10.2117919921875,
                        54.93345430690937
                    ],
                    [
                        10.2667236328125,
                        54.88766665128511
                    ],
                    [
                        10.3175354003906,
                        54.846571357032325
                    ],
                    [
                        10.40405273437494,
                        54.80622565883166
                    ],
                    [
                        10.4534912109375,
                        54.81730496295881
                    ],
                    [
                        10.5070495605469,
                        54.83154531835546
                    ],
                    [
                        10.5674743652344,
                        54.82838122891305
                    ],
                    [
                        10.61279296875,
                        54.810974304077064
                    ],
                    [
                        10.623779296875,
                        54.776930012578994
                    ],
                    [
                        10.6498718261719,
                        54.71748180138655
                    ],
                    [
                        10.70068359375,
                        54.71192884840614
                    ],
                    [
                        10.75286865234375,
                        54.72620633389007
                    ],
                    [
                        10.8036804199219,
                        54.80622565883166
                    ],
                    [
                        10.83938598632807,
                        54.892405720815276
                    ],
                    [
                        10.8695983886718,
                        54.94370991299161
                    ],
                    [
                        10.91766357421875,
                        55.000462844547805
                    ],
                    [
                        10.98358154296875,
                        55.14042472428154
                    ],
                    [
                        10.9574890136719,
                        55.1733780834716
                    ],
                    [
                        10.92315673828125,
                        55.17494661199841
                    ],
                    [
                        10.8915710449219,
                        55.15298159530115
                    ],
                    [
                        10.8544921875,
                        55.11058631553642
                    ],
                    [
                        10.82977294921875,
                        55.05949523049586
                    ],
                    [
                        10.7954406738281,
                        55.01621331730023
                    ],
                    [
                        10.7624816894531,
                        54.99494871768561
                    ],
                    [
                        10.7144165039062,
                        54.968155034807836
                    ],
                    [
                        10.7144165039062,
                        54.991797447795044
                    ],
                    [
                        10.69793701171875,
                        55.013851140701505
                    ],
                    [
                        10.7267761230469,
                        55.02723496817066
                    ],
                    [
                        10.7322692871094,
                        55.04769570951166
                    ],
                    [
                        10.7707214355469,
                        55.06500048366454
                    ],
                    [
                        10.8036804199219,
                        55.11294279005422
                    ],
                    [
                        10.82427978515625,
                        55.170240841245324
                    ],
                    [
                        10.82977294921875,
                        55.23372188680824
                    ],
                    [
                        10.81329345703125,
                        55.27676862883028
                    ],
                    [
                        10.8668518066406,
                        55.27207488638001
                    ],
                    [
                        10.86273193359375,
                        55.29710176924355
                    ],
                    [
                        10.824966430664,
                        55.34047036429948
                    ],
                    [
                        10.8009338378906,
                        55.371307410532935
                    ],
                    [
                        10.7508087158203,
                        55.40329008489734
                    ],
                    [
                        10.69313049316406,
                        55.453551952439724
                    ],
                    [
                        10.76934814453125,
                        55.46756710291049
                    ],
                    [
                        10.7624816894531,
                        55.49324861110201
                    ],
                    [
                        10.72608947753906,
                        55.53484823078213
                    ],
                    [
                        10.6938171386719,
                        55.56747507540018
                    ],
                    [
                        10.6498718261719,
                        55.60977192543255
                    ],
                    [
                        10.6086730957031,
                        55.63109707296326
                    ],
                    [
                        10.57708740234375,
                        55.62218069524408
                    ],
                    [
                        10.58189392089844,
                        55.597747184319935
                    ],
                    [
                        10.5839538574219,
                        55.573298447823184
                    ],
                    [
                        10.5901336669922,
                        55.543395974727055
                    ],
                    [
                        10.5475616455078,
                        55.541064956111036
                    ],
                    [
                        10.5070495605469,
                        55.558544227256384
                    ],
                    [
                        10.46585083007807,
                        55.58183783224431
                    ],
                    [
                        10.3978729248047,
                        55.60085069621599
                    ],
                    [
                        10.3374481201172,
                        55.62760829717496
                    ],
                    [
                        10.2818298339844,
                        55.63109707296326
                    ],
                    [
                        10.24818420410156,
                        55.614037883021986
                    ],
                    [
                        10.20355224609375,
                        55.616364573379
                    ],
                    [
                        10.19325256347656,
                        55.65396024535538
                    ],
                    [
                        10.1506805419922,
                        55.65473503429988
                    ],
                    [
                        10.1520538330078,
                        55.64156153687401
                    ],
                    [
                        10.14862060546875,
                        55.6198543500429
                    ],
                    [
                        10.12390136718744,
                        55.60162653582997
                    ],
                    [
                        10.09437561035156,
                        55.587271019042234
                    ],
                    [
                        10.0099182128906,
                        55.55932090334487
                    ],
                    [
                        9.9309539794922,
                        55.52707594193452
                    ],
                    [
                        9.87876892089844,
                        55.525132629742544
                    ],
                    [
                        9.8664093017578,
                        55.55660246986701
                    ],
                    [
                        9.8451232910156,
                        55.585718756692884
                    ],
                    [
                        9.8698425292969,
                        55.62489459015995
                    ],
                    [
                        9.90554809570307,
                        55.66906586432122
                    ],
                    [
                        10.04150390625,
                        55.68377855290114
                    ],
                    [
                        10.0408172607422,
                        55.71164005362048
                    ],
                    [
                        10.0799560546875,
                        55.723243151645406
                    ],
                    [
                        10.0895690917968,
                        55.74991719810886
                    ],
                    [
                        10.04974365234375,
                        55.7700073342752
                    ],
                    [
                        10.1019287109375,
                        55.811699938762914
                    ],
                    [
                        10.140380859375,
                        55.8360000202069
                    ],
                    [
                        10.2021789550781,
                        55.83021566322397
                    ],
                    [
                        10.2131652832031,
                        55.84216905273285
                    ],
                    [
                        10.2268981933594,
                        55.86259698254748
                    ],
                    [
                        10.2886962890625,
                        55.8845546603819
                    ],
                    [
                        10.29762268066406,
                        55.90842435462326
                    ],
                    [
                        10.283203125,
                        55.951122134962425
                    ],
                    [
                        10.2729034423828,
                        55.98455508140472
                    ],
                    [
                        10.2996826171875,
                        56.01565634517858
                    ],
                    [
                        10.294189453125,
                        56.05133434505958
                    ],
                    [
                        10.2626037597656,
                        56.1026833818768
                    ],
                    [
                        10.2735900878906,
                        56.13101099301787
                    ],
                    [
                        10.2557373046875,
                        56.17078752805151
                    ],
                    [
                        10.3230285644531,
                        56.208995378934986
                    ],
                    [
                        10.32989501953125,
                        56.195244935355014
                    ],
                    [
                        10.3477478027344,
                        56.17078752805151
                    ],
                    [
                        10.3971862792969,
                        56.153199138696685
                    ],
                    [
                        10.447998046875,
                        56.14095898693937
                    ],
                    [
                        10.48919677734375,
                        56.085830048987965
                    ],
                    [
                        10.55511474609375,
                        56.09195938707178
                    ],
                    [
                        10.579833984375,
                        56.123356938446456
                    ],
                    [
                        10.5619812011719,
                        56.16314139182087
                    ],
                    [
                        10.6141662597656,
                        56.19448087726972
                    ],
                    [
                        10.6278991699219,
                        56.15778819063682
                    ],
                    [
                        10.68145751953125,
                        56.13024565610334
                    ],
                    [
                        10.73089599609375,
                        56.14095898693937
                    ],
                    [
                        10.7597351074219,
                        56.20746779531319
                    ],
                    [
                        10.8009338378906,
                        56.23190183126789
                    ],
                    [
                        10.88470458984375,
                        56.27767367609048
                    ],
                    [
                        10.9217834472656,
                        56.33100500901011
                    ],
                    [
                        10.93963623046875,
                        56.398704540115
                    ],
                    [
                        10.9712219238281,
                        56.45566139320019
                    ],
                    [
                        10.8998107910156,
                        56.49282714502666
                    ],
                    [
                        10.83938598632807,
                        56.54358674873333
                    ],
                    [
                        10.6993103027344,
                        56.542829642445746
                    ],
                    [
                        10.56884765625,
                        56.52616947342749
                    ],
                    [
                        10.43975830078125,
                        56.53525774684848
                    ],
                    [
                        10.3656005859375,
                        56.601838481314694
                    ],
                    [
                        10.3752136230469,
                        56.7029978282827
                    ],
                    [
                        10.30242919921875,
                        56.767778085581014
                    ],
                    [
                        10.294189453125,
                        56.922495798836955
                    ],
                    [
                        10.3450012207031,
                        56.977917977973185
                    ],
                    [
                        10.43975830078125,
                        57.14145540165639
                    ],
                    [
                        10.5537414550781,
                        57.21440339991715
                    ],
                    [
                        10.5619812011719,
                        57.24413672657181
                    ],
                    [
                        10.5372619628906,
                        57.40021374317815
                    ],
                    [
                        10.58738708496094,
                        57.45418553479747
                    ],
                    [
                        10.5406951904297,
                        57.48372537987279
                    ],
                    [
                        10.4878234863281,
                        57.51139730407086
                    ],
                    [
                        10.43357849121094,
                        57.575883587594056
                    ],
                    [
                        10.447998046875,
                        57.61856591429337
                    ],
                    [
                        10.5303955078125,
                        57.686900303553465
                    ],
                    [
                        10.6024932861328,
                        57.71185065609488
                    ],
                    [
                        10.667724609375,
                        57.74594611391385
                    ],
                    [
                        10.6622314453125,
                        57.76133353261141
                    ]
                ]
            ],
            [
                [
                    [
                        8.51715087890625,
                        55.2137480279249
                    ],
                    [
                        8.47938537597656,
                        55.19689953107653
                    ],
                    [
                        8.4663391113281,
                        55.16475007322762
                    ],
                    [
                        8.45054626464844,
                        55.120011379703016
                    ],
                    [
                        8.4560394287109,
                        55.0936941804856
                    ],
                    [
                        8.48625183105463,
                        55.062247951730015
                    ],
                    [
                        8.514404296875,
                        55.05674231995538
                    ],
                    [
                        8.5782623291015,
                        55.07718799265863
                    ],
                    [
                        8.5707092285156,
                        55.09526584307463
                    ],
                    [
                        8.5631561279297,
                        55.13728488905076
                    ],
                    [
                        8.5789489746094,
                        55.157689403187746
                    ],
                    [
                        8.6077880859375,
                        55.19141243527063
                    ],
                    [
                        8.51715087890625,
                        55.2137480279249
                    ]
                ]
            ],
            [
                [
                    [
                        8.56040954589844,
                        55.29944723061197
                    ],
                    [
                        8.5459899902344,
                        55.29514711218648
                    ],
                    [
                        8.5247039794922,
                        55.28067965709029
                    ],
                    [
                        8.536376953125,
                        55.26542446818894
                    ],
                    [
                        8.5707092285156,
                        55.259946817085044
                    ],
                    [
                        8.5871887207031,
                        55.27950638906288
                    ],
                    [
                        8.6029815673828,
                        55.29319235883885
                    ],
                    [
                        8.56040954589844,
                        55.29944723061197
                    ]
                ]
            ],
            [
                [
                    [
                        8.31356048583984,
                        55.52280052839589
                    ],
                    [
                        8.30291748046875,
                        55.52124571736502
                    ],
                    [
                        8.30326080322266,
                        55.51522024427631
                    ],
                    [
                        8.3111572265625,
                        55.50822176280601
                    ],
                    [
                        8.3331298828125,
                        55.502583192205186
                    ],
                    [
                        8.33141326904297,
                        55.50744407694083
                    ],
                    [
                        8.3204269409179,
                        55.51424830737126
                    ],
                    [
                        8.31356048583984,
                        55.52280052839589
                    ]
                ]
            ],
            [
                [
                    [
                        8.37913513183594,
                        55.47398904905515
                    ],
                    [
                        8.3626556396484,
                        55.469124034407194
                    ],
                    [
                        8.3551025390625,
                        55.472626905474975
                    ],
                    [
                        8.3317565917969,
                        55.46172806218231
                    ],
                    [
                        8.32180023193354,
                        55.45627751067935
                    ],
                    [
                        8.32832336425776,
                        55.44323206155673
                    ],
                    [
                        8.35269927978516,
                        55.426675656605305
                    ],
                    [
                        8.39080810546875,
                        55.392177088145964
                    ],
                    [
                        8.41655731201166,
                        55.35101230968552
                    ],
                    [
                        8.4539794921875,
                        55.33578415451948
                    ],
                    [
                        8.4824752807617,
                        55.337541548146554
                    ],
                    [
                        8.4869384765625,
                        55.34925551364352
                    ],
                    [
                        8.4749221801758,
                        55.36057572089967
                    ],
                    [
                        8.47286224365234,
                        55.37813515249014
                    ],
                    [
                        8.45191955566406,
                        55.39549181763442
                    ],
                    [
                        8.46736907958984,
                        55.39919618642024
                    ],
                    [
                        8.47320556640625,
                        55.41089191423571
                    ],
                    [
                        8.46736907958984,
                        55.42570153416888
                    ],
                    [
                        8.4477996826172,
                        55.439142301493966
                    ],
                    [
                        8.4306335449219,
                        55.43953182071238
                    ],
                    [
                        8.4196472167969,
                        55.430182298403146
                    ],
                    [
                        8.41175079345703,
                        55.43641555932353
                    ],
                    [
                        8.4141540527344,
                        55.46133876205605
                    ],
                    [
                        8.4100341796875,
                        55.46717786042927
                    ],
                    [
                        8.4004211425781,
                        55.46931864652113
                    ],
                    [
                        8.37913513183594,
                        55.47398904905515
                    ]
                ]
            ],
            [
                [
                    [
                        10.2955627441406,
                        55.79896526634484
                    ],
                    [
                        10.27496337890625,
                        55.7700073342752
                    ],
                    [
                        10.2564239501953,
                        55.78313759712576
                    ],
                    [
                        10.2069854736328,
                        55.77348342260549
                    ],
                    [
                        10.2104187011719,
                        55.758418134231974
                    ],
                    [
                        10.21934509277344,
                        55.74566603524846
                    ],
                    [
                        10.29144287109375,
                        55.73136326949554
                    ],
                    [
                        10.34156799316406,
                        55.74373353535969
                    ],
                    [
                        10.32440185546875,
                        55.795877445664104
                    ],
                    [
                        10.2955627441406,
                        55.79896526634484
                    ]
                ]
            ],
            [
                [
                    [
                        10.3439712524414,
                        55.8444821875883
                    ],
                    [
                        10.3377914428711,
                        55.833879189208865
                    ],
                    [
                        10.34122467041016,
                        55.823273299132445
                    ],
                    [
                        10.3714370727539,
                        55.82346615931017
                    ],
                    [
                        10.3546142578125,
                        55.832915136881745
                    ],
                    [
                        10.3532409667969,
                        55.84313287564925
                    ],
                    [
                        10.3439712524414,
                        55.8444821875883
                    ]
                ]
            ],
            [
                [
                    [
                        10.3422546386718,
                        55.97379820507658
                    ],
                    [
                        10.3278350830078,
                        55.96419132294944
                    ],
                    [
                        10.3546142578125,
                        55.95419763500635
                    ],
                    [
                        10.38825988769526,
                        55.94804639059961
                    ],
                    [
                        10.4322052001953,
                        55.939202264528646
                    ],
                    [
                        10.47271728515625,
                        55.95419763500635
                    ],
                    [
                        10.43975830078125,
                        55.96419132294944
                    ],
                    [
                        10.3971862792969,
                        55.966881490388445
                    ],
                    [
                        10.3422546386718,
                        55.97379820507658
                    ]
                ]
            ],
            [
                [
                    [
                        10.5674743652344,
                        56.01450489282778
                    ],
                    [
                        10.51116943359375,
                        55.981481993443005
                    ],
                    [
                        10.5077362060547,
                        55.96611289020364
                    ],
                    [
                        10.52490234375,
                        55.93535636234868
                    ],
                    [
                        10.56541442871094,
                        55.925739936336015
                    ],
                    [
                        10.5839538574219,
                        55.89803129290332
                    ],
                    [
                        10.5681610107422,
                        55.87839235515579
                    ],
                    [
                        10.52696228027344,
                        55.86452359147005
                    ],
                    [
                        10.5104827880859,
                        55.84294011297761
                    ],
                    [
                        10.52696228027344,
                        55.76382685625667
                    ],
                    [
                        10.6175994873047,
                        55.75532709909638
                    ],
                    [
                        10.63270568847656,
                        55.767303495700936
                    ],
                    [
                        10.65673828125,
                        55.793947433402685
                    ],
                    [
                        10.6498718261719,
                        55.82751600219386
                    ],
                    [
                        10.66703796386713,
                        55.84024133521296
                    ],
                    [
                        10.6828308105468,
                        55.87107334708859
                    ],
                    [
                        10.7068634033203,
                        55.88763544617004
                    ],
                    [
                        10.6903839111328,
                        55.916121123547924
                    ],
                    [
                        10.70823669433594,
                        55.92150795277898
                    ],
                    [
                        10.7405090332031,
                        55.93535636234868
                    ],
                    [
                        10.76179504394526,
                        55.924970519150556
                    ],
                    [
                        10.81398010253906,
                        55.931894723920415
                    ],
                    [
                        10.78033447265625,
                        55.951122134962425
                    ],
                    [
                        10.7432556152344,
                        55.95535088453652
                    ],
                    [
                        10.71990966796875,
                        55.9411250724378
                    ],
                    [
                        10.667724609375,
                        55.9449704019074
                    ],
                    [
                        10.63133239746094,
                        55.93497175113024
                    ],
                    [
                        10.5963134765625,
                        55.95881042699746
                    ],
                    [
                        10.5674743652344,
                        56.01450489282778
                    ]
                ]
            ],
            [
                [
                    [
                        10.9437561035156,
                        57.36949565820593
                    ],
                    [
                        10.92864990234375,
                        57.354312166151715
                    ],
                    [
                        10.8936309814453,
                        57.351348801002956
                    ],
                    [
                        10.8970642089844,
                        57.35986783105118
                    ],
                    [
                        10.9437561035156,
                        57.36949565820593
                    ]
                ]
            ],
            [
                [
                    [
                        11.1518096923828,
                        57.336528386612
                    ],
                    [
                        11.0968780517578,
                        57.32615053726061
                    ],
                    [
                        11.02615356445307,
                        57.32874527442881
                    ],
                    [
                        11.0021209716797,
                        57.31057826609278
                    ],
                    [
                        10.9101104736328,
                        57.30464423686735
                    ],
                    [
                        10.8984375,
                        57.29574139744794
                    ],
                    [
                        10.8750915527344,
                        57.27755807537926
                    ],
                    [
                        10.8503723144531,
                        57.26827740872915
                    ],
                    [
                        10.87371826171875,
                        57.24302215936484
                    ],
                    [
                        10.8998107910156,
                        57.224441077443714
                    ],
                    [
                        10.9307098388672,
                        57.21886492705336
                    ],
                    [
                        10.9540557861328,
                        57.20585063172936
                    ],
                    [
                        10.98907470703125,
                        57.19469186853142
                    ],
                    [
                        11.0453796386719,
                        57.202503356852844
                    ],
                    [
                        11.0529327392578,
                        57.22406936030381
                    ],
                    [
                        11.0900115966797,
                        57.237448817822425
                    ],
                    [
                        11.10923767089844,
                        57.26159388025595
                    ],
                    [
                        11.1009979248047,
                        57.285352027794325
                    ],
                    [
                        11.1470031738281,
                        57.28980497398163
                    ],
                    [
                        11.14906311035156,
                        57.276073325903084
                    ],
                    [
                        11.2012481689453,
                        57.275330928710424
                    ],
                    [
                        11.2163543701172,
                        57.30093498231167
                    ],
                    [
                        11.195068359375,
                        57.32874527442881
                    ],
                    [
                        11.1518096923828,
                        57.336528386612
                    ]
                ]
            ],
            [
                [
                    [
                        11.65992736816406,
                        56.74556953092462
                    ],
                    [
                        11.58233642578125,
                        56.729375360217006
                    ],
                    [
                        11.5294647216797,
                        56.73351871927262
                    ],
                    [
                        11.49375915527344,
                        56.72071049728272
                    ],
                    [
                        11.49993896484375,
                        56.70940550108173
                    ],
                    [
                        11.51573181152344,
                        56.683391113557796
                    ],
                    [
                        11.5898895263672,
                        56.68301396127051
                    ],
                    [
                        11.66816711425776,
                        56.722217573405
                    ],
                    [
                        11.65992736816406,
                        56.74556953092462
                    ]
                ]
            ],
            [
                [
                    [
                        10.8057403564453,
                        56.1407677036362
                    ],
                    [
                        10.7882308959961,
                        56.13292426866863
                    ],
                    [
                        10.7875442504883,
                        56.128140901051744
                    ],
                    [
                        10.8009338378906,
                        56.12775820593942
                    ],
                    [
                        10.8163833618164,
                        56.134263504984965
                    ],
                    [
                        10.8057403564453,
                        56.1407677036362
                    ]
                ]
            ],
            [
                [
                    [
                        11.07490539550776,
                        55.924970519150556
                    ],
                    [
                        11.07421875,
                        55.90688481749484
                    ],
                    [
                        11.1023712158203,
                        55.89071598742222
                    ],
                    [
                        11.1579895019531,
                        55.85874347803429
                    ],
                    [
                        11.217041015625,
                        55.85142076636789
                    ],
                    [
                        11.2266540527344,
                        55.86028492570735
                    ],
                    [
                        11.1408233642578,
                        55.910733545723346
                    ],
                    [
                        11.07490539550776,
                        55.924970519150556
                    ]
                ]
            ],
            [
                [
                    [
                        10.7937240600586,
                        55.521440072103886
                    ],
                    [
                        10.7837677001953,
                        55.52066264738814
                    ],
                    [
                        10.77449798583984,
                        55.51677529339943
                    ],
                    [
                        10.77381134033203,
                        55.50724965307405
                    ],
                    [
                        10.80162048339844,
                        55.507055228247054
                    ],
                    [
                        10.8064270019531,
                        55.51249876045496
                    ],
                    [
                        10.7937240600586,
                        55.521440072103886
                    ]
                ]
            ],
            [
                [
                    [
                        12.3074340820312,
                        56.134837449127744
                    ],
                    [
                        12.2071838378906,
                        56.12641874305864
                    ],
                    [
                        12.09869384765625,
                        56.09425763739584
                    ],
                    [
                        12.0176696777344,
                        56.04519854325352
                    ],
                    [
                        11.90643310546875,
                        56.01296956962952
                    ],
                    [
                        11.83502197265625,
                        55.983018567950026
                    ],
                    [
                        11.8254089355469,
                        55.963806998048334
                    ],
                    [
                        11.84326171875,
                        55.93458713609344
                    ],
                    [
                        11.8693542480468,
                        55.91535151540654
                    ],
                    [
                        11.89544677734375,
                        55.893796284148955
                    ],
                    [
                        11.9242858886719,
                        55.857587352144236
                    ],
                    [
                        11.920166015625,
                        55.83754237010198
                    ],
                    [
                        11.8803405761719,
                        55.82983000883449
                    ],
                    [
                        11.80618286132807,
                        55.81671548420953
                    ],
                    [
                        11.7649841308594,
                        55.79819333412856
                    ],
                    [
                        11.76361083984375,
                        55.81671548420953
                    ],
                    [
                        11.7498779296875,
                        55.85219164310742
                    ],
                    [
                        11.7045593261719,
                        55.88840560440792
                    ],
                    [
                        11.7704772949219,
                        55.89071598742222
                    ],
                    [
                        11.7842102050781,
                        55.9238163647307
                    ],
                    [
                        11.8199157714844,
                        55.947661905375064
                    ],
                    [
                        11.7897033691406,
                        55.98762792516235
                    ],
                    [
                        11.76361083984375,
                        55.981481993443005
                    ],
                    [
                        11.7100524902344,
                        55.96611289020364
                    ],
                    [
                        11.634521484375,
                        55.949968759458045
                    ],
                    [
                        11.5946960449219,
                        55.97379820507658
                    ],
                    [
                        11.5534973144531,
                        55.96765007530668
                    ],
                    [
                        11.46423339843744,
                        55.9722612642278
                    ],
                    [
                        11.3447570800781,
                        55.993772880107706
                    ],
                    [
                        11.2651062011719,
                        56.03445854159011
                    ],
                    [
                        11.25,
                        56.00298848125946
                    ],
                    [
                        11.2884521484375,
                        55.963038336795684
                    ],
                    [
                        11.3887023925781,
                        55.941509622565505
                    ],
                    [
                        11.4985656738281,
                        55.92920212464032
                    ],
                    [
                        11.48895263671875,
                        55.89456632012479
                    ],
                    [
                        11.46423339843744,
                        55.866835396047925
                    ],
                    [
                        11.4079284667969,
                        55.85835810656004
                    ],
                    [
                        11.3447570800781,
                        55.8652942082842
                    ],
                    [
                        11.3365173339844,
                        55.840626886363616
                    ],
                    [
                        11.35162353515625,
                        55.79278938013582
                    ],
                    [
                        11.33514404296875,
                        55.77193853272883
                    ],
                    [
                        11.3076782226562,
                        55.79742138660978
                    ],
                    [
                        11.2486267089844,
                        55.81054241340218
                    ],
                    [
                        11.2623596191406,
                        55.7487578359952
                    ],
                    [
                        11.2266540527344,
                        55.77502825125135
                    ],
                    [
                        11.11541748046875,
                        55.76266790754882
                    ],
                    [
                        11.02615356445307,
                        55.7464390084051
                    ],
                    [
                        10.96435546874994,
                        55.76112258901995
                    ],
                    [
                        10.865478515625,
                        55.765758360887986
                    ],
                    [
                        10.8448791503906,
                        55.74566603524846
                    ],
                    [
                        10.8929443359375,
                        55.72556335763928
                    ],
                    [
                        10.9602355957031,
                        55.71473455012689
                    ],
                    [
                        11.0124206542969,
                        55.68377855290114
                    ],
                    [
                        10.9423828125,
                        55.687649393415086
                    ],
                    [
                        10.8984375,
                        55.67603572236134
                    ],
                    [
                        10.9217834472656,
                        55.654347641744195
                    ],
                    [
                        10.97259521484375,
                        55.642724082556086
                    ],
                    [
                        11.07696533203125,
                        55.621017539900606
                    ],
                    [
                        11.13189697265625,
                        55.58300214986592
                    ],
                    [
                        11.1058044433594,
                        55.55970923563195
                    ],
                    [
                        11.0563659667968,
                        55.53951086691944
                    ],
                    [
                        11.07147216796875,
                        55.50608308970901
                    ],
                    [
                        11.1456298828125,
                        55.49597142581549
                    ],
                    [
                        11.1566162109375,
                        55.457056207013856
                    ],
                    [
                        11.1799621582031,
                        55.39939114358243
                    ],
                    [
                        11.1346435546875,
                        55.390812118753075
                    ],
                    [
                        11.0673522949219,
                        55.371307410532935
                    ],
                    [
                        11.07696533203125,
                        55.34242278810942
                    ],
                    [
                        11.1456298828125,
                        55.308046069429324
                    ],
                    [
                        11.2156677246093,
                        55.28067965709029
                    ],
                    [
                        11.2239074707031,
                        55.25329436822642
                    ],
                    [
                        11.2211608886719,
                        55.21413976860117
                    ],
                    [
                        11.2623596191406,
                        55.18435648702956
                    ],
                    [
                        11.326904296875,
                        55.17259379606185
                    ],
                    [
                        11.4546203613281,
                        55.178867663281984
                    ],
                    [
                        11.5919494628906,
                        55.17416235545039
                    ],
                    [
                        11.6455078125,
                        55.14984274801177
                    ],
                    [
                        11.71142578124994,
                        55.09487293321984
                    ],
                    [
                        11.68395996093744,
                        55.087799895474085
                    ],
                    [
                        11.59332275390625,
                        55.090943622278544
                    ],
                    [
                        11.612548828125,
                        55.07286381760006
                    ],
                    [
                        11.6770935058594,
                        55.05241593518546
                    ],
                    [
                        11.7745971679687,
                        55.03038345469999
                    ],
                    [
                        11.83776855468744,
                        54.998887457058395
                    ],
                    [
                        11.82952880859375,
                        54.98313017954608
                    ],
                    [
                        11.7828369140625,
                        54.97918989342808
                    ],
                    [
                        11.7169189453125,
                        54.970519902635424
                    ],
                    [
                        11.6716003417969,
                        54.950808415794604
                    ],
                    [
                        11.68670654296875,
                        54.93108725711501
                    ],
                    [
                        11.7169189453125,
                        54.91293524689154
                    ],
                    [
                        11.6908264160156,
                        54.89793393064141
                    ],
                    [
                        11.63726806640625,
                        54.92556359916315
                    ],
                    [
                        11.6056823730469,
                        54.91214584328125
                    ],
                    [
                        11.61529541015625,
                        54.87897690906443
                    ],
                    [
                        11.5878295898437,
                        54.86949505279727
                    ],
                    [
                        11.5480041503906,
                        54.863172576039666
                    ],
                    [
                        11.54388427734375,
                        54.843408445360694
                    ],
                    [
                        11.49993896484375,
                        54.846571357032325
                    ],
                    [
                        11.49307250976557,
                        54.86712424019824
                    ],
                    [
                        11.43127441406244,
                        54.87739675458312
                    ],
                    [
                        11.4024353027343,
                        54.89319551153393
                    ],
                    [
                        11.37359619140625,
                        54.924774443251756
                    ],
                    [
                        11.2980651855469,
                        54.955540054617266
                    ],
                    [
                        11.25274658203125,
                        54.97524922057544
                    ],
                    [
                        11.1689758300781,
                        54.97130816096891
                    ],
                    [
                        11.09069824218744,
                        54.96027113637528
                    ],
                    [
                        11.0302734375,
                        54.94213229768862
                    ],
                    [
                        11.00006103515625,
                        54.916092706510874
                    ],
                    [
                        11.0028076171875,
                        54.871865725979255
                    ],
                    [
                        10.986328125,
                        54.85052464798044
                    ],
                    [
                        10.9410095214844,
                        54.85447755156708
                    ],
                    [
                        10.9423828125,
                        54.8078086025906
                    ],
                    [
                        10.9849548339844,
                        54.761085688673816
                    ],
                    [
                        11.0879516601562,
                        54.72620633389007
                    ],
                    [
                        11.2335205078125,
                        54.69526542604806
                    ],
                    [
                        11.27746582031244,
                        54.665095162842086
                    ],
                    [
                        11.3749694824219,
                        54.622183052287575
                    ],
                    [
                        11.4532470703125,
                        54.59434544805755
                    ],
                    [
                        11.5274047851562,
                        54.58718412962424
                    ],
                    [
                        11.56585693359375,
                        54.59832341427045
                    ],
                    [
                        11.5287780761719,
                        54.60786894786166
                    ],
                    [
                        11.56585693359375,
                        54.62377319755506
                    ],
                    [
                        11.63726806640625,
                        54.63887647795803
                    ],
                    [
                        11.7073059082031,
                        54.638081708287395
                    ],
                    [
                        11.766357421875,
                        54.631722991643414
                    ],
                    [
                        11.84326171875,
                        54.63887647795803
                    ],
                    [
                        11.8775939941406,
                        54.61264087543258
                    ],
                    [
                        11.8885803222656,
                        54.569673383565096
                    ],
                    [
                        11.97509765625,
                        54.54817263725595
                    ],
                    [
                        11.9874572753906,
                        54.56011889582142
                    ],
                    [
                        11.98333740234375,
                        54.6833587900274
                    ],
                    [
                        12.02453613281244,
                        54.703201242826154
                    ],
                    [
                        12.06298828125,
                        54.755538709513225
                    ],
                    [
                        12.1440124511719,
                        54.80385112692028
                    ],
                    [
                        12.1879577636719,
                        54.83708187820751
                    ],
                    [
                        12.1577453613281,
                        54.8710755170758
                    ],
                    [
                        12.2456359863281,
                        54.886876752158926
                    ],
                    [
                        12.2868347167969,
                        54.93266530578977
                    ],
                    [
                        12.3678588867187,
                        54.95711714376434
                    ],
                    [
                        12.4241638183594,
                        54.9468649578829
                    ],
                    [
                        12.53814697265625,
                        54.93108725711501
                    ],
                    [
                        12.56011962890625,
                        54.955540054617266
                    ],
                    [
                        12.55325317382807,
                        55.00361343394534
                    ],
                    [
                        12.4969482421875,
                        55.024086234282265
                    ],
                    [
                        12.42279052734375,
                        55.03746664503582
                    ],
                    [
                        12.32940673828125,
                        55.03353169388017
                    ],
                    [
                        12.293701171875,
                        55.042581503801074
                    ],
                    [
                        12.2930145263672,
                        55.06539368705967
                    ],
                    [
                        12.2703552246094,
                        55.092515392996035
                    ],
                    [
                        12.23876953125,
                        55.095658749067766
                    ],
                    [
                        12.205810546875,
                        55.0787603040757
                    ],
                    [
                        12.18658447265625,
                        55.05910196915185
                    ],
                    [
                        12.17491149902344,
                        55.07718799265863
                    ],
                    [
                        12.1886444091797,
                        55.095658749067766
                    ],
                    [
                        12.198257446289,
                        55.11372825067393
                    ],
                    [
                        12.16461181640625,
                        55.12982679038802
                    ],
                    [
                        12.12547302246094,
                        55.14199454927118
                    ],
                    [
                        12.1124267578125,
                        55.168279939472995
                    ],
                    [
                        12.13096618652344,
                        55.17847557551254
                    ],
                    [
                        12.1577453613281,
                        55.1996427955188
                    ],
                    [
                        12.2216033935547,
                        55.22393203245692
                    ],
                    [
                        12.27928161621094,
                        55.23254723149776
                    ],
                    [
                        12.3328399658203,
                        55.228239865204266
                    ],
                    [
                        12.381591796875,
                        55.23959464298467
                    ],
                    [
                        12.4406433105469,
                        55.25799033008579
                    ],
                    [
                        12.4653625488281,
                        55.3014016758385
                    ],
                    [
                        12.45643615722656,
                        55.33890835596374
                    ],
                    [
                        12.4200439453125,
                        55.38808203859775
                    ],
                    [
                        12.3644256591797,
                        55.40212044288817
                    ],
                    [
                        12.315673828125,
                        55.40991740245595
                    ],
                    [
                        12.25250244140625,
                        55.42355838021855
                    ],
                    [
                        12.2071838378906,
                        55.446542509291305
                    ],
                    [
                        12.22023010253906,
                        55.45900288059128
                    ],
                    [
                        12.2119903564453,
                        55.47885346331034
                    ],
                    [
                        12.23533630371094,
                        55.52901915813196
                    ],
                    [
                        12.2923278808594,
                        55.56242745417594
                    ],
                    [
                        12.35755920410156,
                        55.585718756692884
                    ],
                    [
                        12.41111755371094,
                        55.5992989709563
                    ],
                    [
                        12.4907684326172,
                        55.5954193892813
                    ],
                    [
                        12.5120544433594,
                        55.58144971869657
                    ],
                    [
                        12.538833618164,
                        55.55893256721969
                    ],
                    [
                        12.5855255126953,
                        55.548057597358074
                    ],
                    [
                        12.6390838623047,
                        55.563592347410776
                    ],
                    [
                        12.6898956298828,
                        55.578732816426125
                    ],
                    [
                        12.6885223388672,
                        55.60162653582997
                    ],
                    [
                        12.6947021484375,
                        55.629158902536794
                    ],
                    [
                        12.6775360107422,
                        55.64659898563683
                    ],
                    [
                        12.67066955566406,
                        55.66325670077181
                    ],
                    [
                        12.63427734375,
                        55.706610973973476
                    ],
                    [
                        12.65830993652344,
                        55.7058372119569
                    ],
                    [
                        12.67959594726557,
                        55.72749675732418
                    ],
                    [
                        12.61779785156244,
                        55.733682992998176
                    ],
                    [
                        12.6081848144531,
                        55.75725902476458
                    ],
                    [
                        12.59857177734375,
                        55.81285742969946
                    ],
                    [
                        12.5834655761719,
                        55.849878967015044
                    ],
                    [
                        12.535400390625,
                        55.91342742821334
                    ],
                    [
                        12.53265380859375,
                        55.9342025172383
                    ],
                    [
                        12.56629943847656,
                        55.98225028832814
                    ],
                    [
                        12.6054382324219,
                        56.00989874015205
                    ],
                    [
                        12.63359069824213,
                        56.04251382306843
                    ],
                    [
                        12.59239196777344,
                        56.059386103946444
                    ],
                    [
                        12.5457000732422,
                        56.08621316119401
                    ],
                    [
                        12.48939514160156,
                        56.09923670926446
                    ],
                    [
                        12.3918914794922,
                        56.10651265622901
                    ],
                    [
                        12.3657989501953,
                        56.12029489011038
                    ],
                    [
                        12.3074340820312,
                        56.134837449127744
                    ]
                ]
            ],
            [
                [
                    [
                        11.16966247558594,
                        55.258381635192556
                    ],
                    [
                        11.1614227294922,
                        55.239986129227
                    ],
                    [
                        11.1627960205078,
                        55.1961157065271
                    ],
                    [
                        11.2211608886719,
                        55.17651507880266
                    ],
                    [
                        11.2225341796875,
                        55.1996427955188
                    ],
                    [
                        11.2067413330078,
                        55.21727355520778
                    ],
                    [
                        11.1971282958984,
                        55.23411343086893
                    ],
                    [
                        11.2012481689453,
                        55.247815044675555
                    ],
                    [
                        11.173095703125,
                        55.25799033008579
                    ],
                    [
                        11.16966247558594,
                        55.258381635192556
                    ]
                ]
            ],
            [
                [
                    [
                        11.17584228515625,
                        55.180435975785365
                    ],
                    [
                        11.1250305175781,
                        55.164357846576465
                    ],
                    [
                        11.1298370361328,
                        55.14434917097695
                    ],
                    [
                        11.1552429199219,
                        55.135714878807086
                    ],
                    [
                        11.17034912109375,
                        55.15494324944684
                    ],
                    [
                        11.1882019042969,
                        55.16867212754337
                    ],
                    [
                        11.17584228515625,
                        55.180435975785365
                    ]
                ]
            ],
            [
                [
                    [
                        11.37290954589844,
                        55.04533538802211
                    ],
                    [
                        11.3323974609375,
                        55.032744657273554
                    ],
                    [
                        11.33926391601557,
                        55.01975632127652
                    ],
                    [
                        11.3701629638672,
                        55.02723496817066
                    ],
                    [
                        11.38938903808594,
                        55.03786011889638
                    ],
                    [
                        11.37290954589844,
                        55.04533538802211
                    ]
                ]
            ],
            [
                [
                    [
                        11.52671813964844,
                        54.99691813570296
                    ],
                    [
                        11.49925231933594,
                        54.991797447795044
                    ],
                    [
                        11.48826599121094,
                        54.9847061857119
                    ],
                    [
                        11.4985656738281,
                        54.97485513201905
                    ],
                    [
                        11.51641845703125,
                        54.95356860614189
                    ],
                    [
                        11.54182434082026,
                        54.942921113078356
                    ],
                    [
                        11.5878295898437,
                        54.96933748612686
                    ],
                    [
                        11.56654357910156,
                        54.98746404762045
                    ],
                    [
                        11.52671813964844,
                        54.99691813570296
                    ]
                ]
            ],
            [
                [
                    [
                        11.4700698852539,
                        54.916882032711015
                    ],
                    [
                        11.4652633666992,
                        54.912540547021706
                    ],
                    [
                        11.47144317626953,
                        54.904250955616085
                    ],
                    [
                        11.4704132080078,
                        54.892208270715884
                    ],
                    [
                        11.47830963134766,
                        54.88193953172763
                    ],
                    [
                        11.50543212890625,
                        54.882927024213835
                    ],
                    [
                        11.5250015258789,
                        54.88608683754535
                    ],
                    [
                        11.5188217163086,
                        54.895762224418874
                    ],
                    [
                        11.4971923828125,
                        54.90405356358619
                    ],
                    [
                        11.5092086791992,
                        54.91550070170091
                    ],
                    [
                        11.4920425415039,
                        54.91530336482901
                    ],
                    [
                        11.4700698852539,
                        54.916882032711015
                    ]
                ]
            ],
            [
                [
                    [
                        11.45359039306635,
                        54.88470444970452
                    ],
                    [
                        11.43985748291016,
                        54.88213703216093
                    ],
                    [
                        11.4408874511719,
                        54.88035949341241
                    ],
                    [
                        11.44535064697266,
                        54.87877939314249
                    ],
                    [
                        11.4583969116211,
                        54.882334531626164
                    ],
                    [
                        11.45359039306635,
                        54.88470444970452
                    ]
                ]
            ],
            [
                [
                    [
                        11.40209197998047,
                        54.97308168565389
                    ],
                    [
                        11.40380859375,
                        54.95573719414556
                    ],
                    [
                        11.3914489746094,
                        54.95889129507123
                    ],
                    [
                        11.37359619140625,
                        54.95770853623718
                    ],
                    [
                        11.3701629638672,
                        54.970716968669194
                    ],
                    [
                        11.34681701660156,
                        54.970716968669194
                    ],
                    [
                        11.35128021240234,
                        54.95672287728027
                    ],
                    [
                        11.3547134399414,
                        54.94824521216007
                    ],
                    [
                        11.3663864135742,
                        54.93542674199094
                    ],
                    [
                        11.3880157470703,
                        54.92201227565568
                    ],
                    [
                        11.4044952392578,
                        54.918657960057125
                    ],
                    [
                        11.41754150390625,
                        54.92418256615946
                    ],
                    [
                        11.4309310913086,
                        54.938582436909115
                    ],
                    [
                        11.4525604248047,
                        54.939371321944954
                    ],
                    [
                        11.4813995361328,
                        54.943315514969534
                    ],
                    [
                        11.4700698852539,
                        54.95948266143258
                    ],
                    [
                        11.45359039306635,
                        54.96933748612686
                    ],
                    [
                        11.4323043823242,
                        54.96539584635321
                    ],
                    [
                        11.4206314086914,
                        54.9718993445662
                    ],
                    [
                        11.40209197998047,
                        54.97308168565389
                    ]
                ]
            ],
            [
                [
                    [
                        11.2894821166992,
                        54.97958393944262
                    ],
                    [
                        11.28467559814453,
                        54.976628500066134
                    ],
                    [
                        11.2881088256836,
                        54.96914041332443
                    ],
                    [
                        11.29669189453125,
                        54.966775464271734
                    ],
                    [
                        11.29703521728516,
                        54.96322777960449
                    ],
                    [
                        11.3114547729492,
                        54.95908841815877
                    ],
                    [
                        11.32209777832026,
                        54.966775464271734
                    ],
                    [
                        11.31248474121094,
                        54.97682553612588
                    ],
                    [
                        11.2894821166992,
                        54.97958393944262
                    ]
                ]
            ],
            [
                [
                    [
                        11.6934013366699,
                        56.202598216359455
                    ],
                    [
                        11.6908264160156,
                        56.19801451835367
                    ],
                    [
                        11.6988945007324,
                        56.191997583397644
                    ],
                    [
                        11.7198371887207,
                        56.19218861170979
                    ],
                    [
                        11.72189712524414,
                        56.1997334692983
                    ],
                    [
                        11.6934013366699,
                        56.202598216359455
                    ]
                ]
            ],
            [
                [
                    [
                        12.76782989501953,
                        55.67564854059925
                    ],
                    [
                        12.7386474609375,
                        55.66945311123117
                    ],
                    [
                        12.73521423339844,
                        55.665193184436035
                    ],
                    [
                        12.7286911010742,
                        55.65686562483894
                    ],
                    [
                        12.7276611328125,
                        55.63419794625838
                    ],
                    [
                        12.7321243286133,
                        55.6183033765429
                    ],
                    [
                        12.7486038208008,
                        55.614037883021986
                    ],
                    [
                        12.75753021240234,
                        55.60434185364845
                    ],
                    [
                        12.78568267822266,
                        55.60065673391503
                    ],
                    [
                        12.8086853027344,
                        55.60492368301336
                    ],
                    [
                        12.82276153564453,
                        55.6128744860675
                    ],
                    [
                        12.81829833984375,
                        55.62411921078643
                    ],
                    [
                        12.80147552490234,
                        55.61694622439534
                    ],
                    [
                        12.79563903808594,
                        55.62256840602218
                    ],
                    [
                        12.7891159057617,
                        55.640011422290684
                    ],
                    [
                        12.78739929199213,
                        55.670227593553925
                    ],
                    [
                        12.76782989501953,
                        55.67564854059925
                    ]
                ]
            ],
            [
                [
                    [
                        12.733154296875,
                        55.70545032520288
                    ],
                    [
                        12.7266311645508,
                        55.70467654020331
                    ],
                    [
                        12.7280044555664,
                        55.70274201066954
                    ],
                    [
                        12.7324676513672,
                        55.70100085220915
                    ],
                    [
                        12.73521423339844,
                        55.702935467932335
                    ],
                    [
                        12.733154296875,
                        55.70545032520288
                    ]
                ]
            ],
            [
                [
                    [
                        11.0786819458008,
                        55.482890471201806
                    ],
                    [
                        11.0743045806885,
                        55.48060450547358
                    ],
                    [
                        11.07104301452637,
                        55.47554572693768
                    ],
                    [
                        11.0728454589844,
                        55.47330798314898
                    ],
                    [
                        11.08022689819336,
                        55.47379445999703
                    ],
                    [
                        11.0911273956299,
                        55.47418363715264
                    ],
                    [
                        11.09267234802246,
                        55.47831840713029
                    ],
                    [
                        11.08151435852045,
                        55.47841569061244
                    ],
                    [
                        11.083402633667,
                        55.482647289661834
                    ],
                    [
                        11.0786819458008,
                        55.482890471201806
                    ]
                ]
            ],
            [
                [
                    [
                        11.090784072876,
                        55.48566263468206
                    ],
                    [
                        11.08898162841797,
                        55.48522493762552
                    ],
                    [
                        11.0888957977295,
                        55.48400908695548
                    ],
                    [
                        11.09241485595703,
                        55.48449543172579
                    ],
                    [
                        11.090784072876,
                        55.48566263468206
                    ]
                ]
            ],
            [
                [
                    [
                        10.9878730773926,
                        55.34417988726102
                    ],
                    [
                        10.9713935852051,
                        55.34095847927373
                    ],
                    [
                        10.96195220947266,
                        55.337541548146554
                    ],
                    [
                        10.9547424316406,
                        55.33285499190965
                    ],
                    [
                        10.9413528442383,
                        55.32601943701404
                    ],
                    [
                        10.9392929077148,
                        55.32123384704022
                    ],
                    [
                        10.94581604003906,
                        55.32328488491904
                    ],
                    [
                        10.9574890136719,
                        55.325824118120835
                    ],
                    [
                        10.9734535217285,
                        55.32885145280425
                    ],
                    [
                        10.9919929504394,
                        55.331487975251925
                    ],
                    [
                        10.99559783935547,
                        55.335588883748976
                    ],
                    [
                        10.99130630493164,
                        55.337932069477546
                    ],
                    [
                        10.9925079345703,
                        55.340860856760045
                    ],
                    [
                        10.9878730773926,
                        55.34417988726102
                    ]
                ]
            ],
            [
                [
                    [
                        10.89019775390625,
                        55.223050827383666
                    ],
                    [
                        10.8780097961426,
                        55.21492323838662
                    ],
                    [
                        10.8768081665039,
                        55.21188720705768
                    ],
                    [
                        10.88367462158203,
                        55.208361202623934
                    ],
                    [
                        10.8859062194824,
                        55.21443357157806
                    ],
                    [
                        10.8919143676758,
                        55.22079877019185
                    ],
                    [
                        10.89019775390625,
                        55.223050827383666
                    ]
                ]
            ],
            [
                [
                    [
                        14.77386474609375,
                        55.315080096648465
                    ],
                    [
                        14.70657348632807,
                        55.27833308636379
                    ],
                    [
                        14.67773437499994,
                        55.21335628339293
                    ],
                    [
                        14.6543884277344,
                        55.0995875966142
                    ],
                    [
                        14.7203063964844,
                        55.05477583937811
                    ],
                    [
                        14.886474609375,
                        54.998099740115514
                    ],
                    [
                        15.0677490234375,
                        54.961059595844915
                    ],
                    [
                        15.1350402832031,
                        54.97997798158983
                    ],
                    [
                        15.1405334472656,
                        55.0319576052081
                    ],
                    [
                        15.1817321777344,
                        55.080725606442265
                    ],
                    [
                        15.16937255859375,
                        55.14356431251199
                    ],
                    [
                        15.07598876953125,
                        55.171025174948866
                    ],
                    [
                        14.99908447265625,
                        55.22354038816721
                    ],
                    [
                        14.9427795410156,
                        55.23058939555117
                    ],
                    [
                        14.85626220703125,
                        55.25329436822642
                    ],
                    [
                        14.77386474609375,
                        55.315080096648465
                    ]
                ]
            ]
        ]
    }
}